category,week,model,actual,forecast
Beverages,2024-07-01,seasonal_naive,4067.0,4320.0
Beverages,2024-07-01,holt_winters,4067.0,4026.657382284383
Beverages,2024-07-01,sarima,4067.0,3614.5400619163606
Beverages,2024-07-08,seasonal_naive,4251.0,4134.0
Beverages,2024-07-08,holt_winters,4251.0,4676.188616558741
Beverages,2024-07-08,sarima,4251.0,4984.737950710134
Beverages,2024-07-15,seasonal_naive,5096.0,4579.0
Beverages,2024-07-15,holt_winters,5096.0,4138.569606725059
Beverages,2024-07-15,sarima,5096.0,3506.8918172431113
Beverages,2024-07-22,seasonal_naive,4268.0,2782.0
Beverages,2024-07-22,holt_winters,4268.0,2893.4338637603405
Beverages,2024-07-22,sarima,4268.0,3461.421602712371
Beverages,2024-07-29,seasonal_naive,5397.0,3779.0
Beverages,2024-07-29,holt_winters,5397.0,3483.227730145979
Beverages,2024-07-29,sarima,5397.0,4110.356810166442
Beverages,2024-08-05,seasonal_naive,3821.0,4178.0
Beverages,2024-08-05,holt_winters,3821.0,3944.43837733599
Beverages,2024-08-05,sarima,3821.0,4200.124866477731
Beverages,2024-08-12,seasonal_naive,3385.0,2789.0
Beverages,2024-08-12,holt_winters,3385.0,3094.552219430236
Beverages,2024-08-12,sarima,3385.0,3083.2009605135427
Beverages,2024-08-19,seasonal_naive,3598.0,3637.0
Beverages,2024-08-19,holt_winters,3598.0,3591.1084970631814
Beverages,2024-08-19,sarima,3598.0,3426.549131201066
Beverages,2024-08-26,seasonal_naive,3102.0,2771.0
Beverages,2024-08-26,holt_winters,3102.0,3308.0158010696805
Beverages,2024-08-26,sarima,3102.0,3353.0514920658666
Beverages,2024-09-02,seasonal_naive,3349.0,3126.0
Beverages,2024-09-02,holt_winters,3349.0,4034.782600683819
Beverages,2024-09-02,sarima,3349.0,3982.2626299546264
Beverages,2024-09-09,seasonal_naive,3258.0,2622.0
Beverages,2024-09-09,holt_winters,3258.0,2823.617031481662
Beverages,2024-09-09,sarima,3258.0,2260.3865332657847
Beverages,2024-09-16,seasonal_naive,3163.0,2349.0
Beverages,2024-09-16,holt_winters,3163.0,2825.2735418708644
Beverages,2024-09-16,sarima,3163.0,3042.394634580371
Beverages,2024-09-23,seasonal_naive,3712.0,2394.0
Beverages,2024-09-23,holt_winters,3712.0,2948.7753797716587
Beverages,2024-09-23,sarima,3712.0,3185.745530819649
Beverages,2024-09-30,seasonal_naive,3216.0,2307.0
Beverages,2024-09-30,holt_winters,3216.0,3187.6124008160737
Beverages,2024-09-30,sarima,3216.0,3406.171548804947
Beverages,2024-10-07,seasonal_naive,5530.0,2955.0
Beverages,2024-10-07,holt_winters,5530.0,3361.642071187036
Beverages,2024-10-07,sarima,5530.0,3136.35934237721
Beverages,2024-10-14,seasonal_naive,2988.0,2267.0
Beverages,2024-10-14,holt_winters,2988.0,3181.745309955876
Beverages,2024-10-14,sarima,2988.0,3946.947814626923
Beverages,2024-10-21,seasonal_naive,3259.0,2790.0
Beverages,2024-10-21,holt_winters,3259.0,3655.3607644065874
Beverages,2024-10-21,sarima,3259.0,3436.3544240607243
Beverages,2024-10-28,seasonal_naive,2535.0,2935.0
Beverages,2024-10-28,holt_winters,2535.0,3638.5169158140116
Beverages,2024-10-28,sarima,2535.0,3245.0687407862256
Beverages,2024-11-04,seasonal_naive,3361.0,2666.0
Beverages,2024-11-04,holt_winters,3361.0,2921.2246761120823
Beverages,2024-11-04,sarima,3361.0,2164.459052943617
Beverages,2024-11-11,seasonal_naive,4516.0,3074.0
Beverages,2024-11-11,holt_winters,4516.0,3304.6024623729672
Beverages,2024-11-11,sarima,4516.0,3257.5544324973075
Beverages,2024-11-18,seasonal_naive,2554.0,3091.0
Beverages,2024-11-18,holt_winters,2554.0,3293.2203347392874
Beverages,2024-11-18,sarima,2554.0,3497.971344541138
Beverages,2024-11-25,seasonal_naive,2204.0,3864.0
Beverages,2024-11-25,holt_winters,2204.0,3777.2867826816255
Beverages,2024-11-25,sarima,2204.0,3079.1436723472843
Beverages,2024-12-02,seasonal_naive,2386.0,2046.0
Beverages,2024-12-02,holt_winters,2386.0,2399.835610868161
Beverages,2024-12-02,sarima,2386.0,1711.8453280105261
Beverages,2024-12-09,seasonal_naive,2564.0,2147.0
Beverages,2024-12-09,holt_winters,2564.0,2636.3538491048985
Beverages,2024-12-09,sarima,2564.0,2585.6867827951787
Beverages,2024-12-16,seasonal_naive,2391.0,2288.0
Beverages,2024-12-16,holt_winters,2391.0,2880.4904533956355
Beverages,2024-12-16,sarima,2391.0,2637.1788080605747
Beverages,2024-12-23,seasonal_naive,2312.0,2491.0
Beverages,2024-12-23,holt_winters,2312.0,2812.515226537192
Beverages,2024-12-23,sarima,2312.0,2520.4936544843235
Frozen Foods,2024-07-01,seasonal_naive,3702.0,2643.0
Frozen Foods,2024-07-01,holt_winters,3702.0,3498.6917126040107
Frozen Foods,2024-07-01,sarima,3702.0,3672.5215113346158
Frozen Foods,2024-07-08,seasonal_naive,2592.0,1632.0
Frozen Foods,2024-07-08,holt_winters,2592.0,2513.8754283743983
Frozen Foods,2024-07-08,sarima,2592.0,2600.915868313401
Frozen Foods,2024-07-15,seasonal_naive,3137.0,1510.0
Frozen Foods,2024-07-15,holt_winters,3137.0,2137.6057155318063
Frozen Foods,2024-07-15,sarima,3137.0,2248.529425955392
Frozen Foods,2024-07-22,seasonal_naive,2475.0,3367.0
Frozen Foods,2024-07-22,holt_winters,2475.0,3198.619763400176
Frozen Foods,2024-07-22,sarima,2475.0,3298.7773444363165
Frozen Foods,2024-07-29,seasonal_naive,2638.0,1701.0
Frozen Foods,2024-07-29,holt_winters,2638.0,2259.4641091557814
Frozen Foods,2024-07-29,sarima,2638.0,2441.7814567596597
Frozen Foods,2024-08-05,seasonal_naive,2576.0,1806.0
Frozen Foods,2024-08-05,holt_winters,2576.0,2156.5769410892185
Frozen Foods,2024-08-05,sarima,2576.0,2260.768480320991
Frozen Foods,2024-08-12,seasonal_naive,1860.0,1343.0
Frozen Foods,2024-08-12,holt_winters,1860.0,1842.7321564974723
Frozen Foods,2024-08-12,sarima,1860.0,1934.876035060299
Frozen Foods,2024-08-19,seasonal_naive,4413.0,2765.0
Frozen Foods,2024-08-19,holt_winters,4413.0,2661.690546651424
Frozen Foods,2024-08-19,sarima,4413.0,2821.5197541493058
Frozen Foods,2024-08-26,seasonal_naive,2715.0,3878.0
Frozen Foods,2024-08-26,holt_winters,2715.0,3051.455064014572
Frozen Foods,2024-08-26,sarima,2715.0,3136.691104032192
Frozen Foods,2024-09-02,seasonal_naive,2498.0,2000.0
Frozen Foods,2024-09-02,holt_winters,2498.0,2045.682869492752
Frozen Foods,2024-09-02,sarima,2498.0,2238.538593613419
Frozen Foods,2024-09-09,seasonal_naive,2059.0,1353.0
Frozen Foods,2024-09-09,holt_winters,2059.0,2527.419361075036
Frozen Foods,2024-09-09,sarima,2059.0,2225.27408783827
Frozen Foods,2024-09-16,seasonal_naive,2783.0,1725.0
Frozen Foods,2024-09-16,holt_winters,2783.0,1979.20000546061
Frozen Foods,2024-09-16,sarima,2783.0,2047.0409776206752
Frozen Foods,2024-09-23,seasonal_naive,1252.0,1692.0
Frozen Foods,2024-09-23,holt_winters,1252.0,2099.5941020964656
Frozen Foods,2024-09-23,sarima,1252.0,2032.8337121604904
Frozen Foods,2024-09-30,seasonal_naive,2765.0,2565.0
Frozen Foods,2024-09-30,holt_winters,2765.0,2429.052575327092
Frozen Foods,2024-09-30,sarima,2765.0,2571.503423369453
Frozen Foods,2024-10-07,seasonal_naive,2526.0,2016.0
Frozen Foods,2024-10-07,holt_winters,2526.0,2595.0613083126677
Frozen Foods,2024-10-07,sarima,2526.0,2678.636875314501
Frozen Foods,2024-10-14,seasonal_naive,1389.0,1535.0
Frozen Foods,2024-10-14,holt_winters,1389.0,2459.997379054203
Frozen Foods,2024-10-14,sarima,1389.0,2552.5056241512552
Frozen Foods,2024-10-21,seasonal_naive,2103.0,1377.0
Frozen Foods,2024-10-21,holt_winters,2103.0,1760.7332289041472
Frozen Foods,2024-10-21,sarima,2103.0,1957.2149255568424
Frozen Foods,2024-10-28,seasonal_naive,2283.0,1388.0
Frozen Foods,2024-10-28,holt_winters,2283.0,2183.5264044344663
Frozen Foods,2024-10-28,sarima,2283.0,2240.8929589304075
Frozen Foods,2024-11-04,seasonal_naive,2024.0,1710.0
Frozen Foods,2024-11-04,holt_winters,2024.0,2205.3938624010925
Frozen Foods,2024-11-04,sarima,2024.0,2298.62182331419
Frozen Foods,2024-11-11,seasonal_naive,1435.0,1351.0
Frozen Foods,2024-11-11,holt_winters,1435.0,1939.590040147
Frozen Foods,2024-11-11,sarima,1435.0,2047.8893529476181
Frozen Foods,2024-11-18,seasonal_naive,1478.0,1042.0
Frozen Foods,2024-11-18,holt_winters,1478.0,1385.1320346848916
Frozen Foods,2024-11-18,sarima,1478.0,1529.4637987299097
Frozen Foods,2024-11-25,seasonal_naive,1490.0,2391.0
Frozen Foods,2024-11-25,holt_winters,1490.0,2216.0488083642426
Frozen Foods,2024-11-25,sarima,1490.0,2345.3055084020334
Frozen Foods,2024-12-02,seasonal_naive,2191.0,1606.0
Frozen Foods,2024-12-02,holt_winters,2191.0,2030.4641253247141
Frozen Foods,2024-12-02,sarima,2191.0,2182.0165486694673
Frozen Foods,2024-12-09,seasonal_naive,4820.0,1913.0
Frozen Foods,2024-12-09,holt_winters,4820.0,2364.7656432570916
Frozen Foods,2024-12-09,sarima,4820.0,2376.277867950232
Frozen Foods,2024-12-16,seasonal_naive,1536.0,1184.0
Frozen Foods,2024-12-16,holt_winters,1536.0,1585.1325494612415
Frozen Foods,2024-12-16,sarima,1536.0,1484.5432063894968
Frozen Foods,2024-12-23,seasonal_naive,1661.0,880.0
Frozen Foods,2024-12-23,holt_winters,1661.0,2090.2618760216797
Frozen Foods,2024-12-23,sarima,1661.0,2139.708011805018
Household,2024-07-01,seasonal_naive,886.0,1333.0
Household,2024-07-01,holt_winters,886.0,1126.5661574159417
Household,2024-07-01,sarima,886.0,1121.604106530442
Household,2024-07-08,seasonal_naive,1236.0,1445.0
Household,2024-07-08,holt_winters,1236.0,1259.5495659220458
Household,2024-07-08,sarima,1236.0,1255.8211832323889
Household,2024-07-15,seasonal_naive,1450.0,1078.0
Household,2024-07-15,holt_winters,1450.0,1233.5077344456781
Household,2024-07-15,sarima,1450.0,1249.852927156921
Household,2024-07-22,seasonal_naive,2373.0,1478.0
Household,2024-07-22,holt_winters,2373.0,1632.6602740806939
Household,2024-07-22,sarima,2373.0,1639.1713575813
Household,2024-07-29,seasonal_naive,1459.0,1128.0
Household,2024-07-29,holt_winters,1459.0,1115.7307614815795
Household,2024-07-29,sarima,1459.0,1084.6143103643312
Household,2024-08-05,seasonal_naive,1143.0,2724.0
Household,2024-08-05,holt_winters,1143.0,1946.9768952752008
Household,2024-08-05,sarima,1143.0,1876.0433856698821
Household,2024-08-12,seasonal_naive,1586.0,2003.0
Household,2024-08-12,holt_winters,1586.0,2027.9660862817163
Household,2024-08-12,sarima,1586.0,2079.9918006008925
Household,2024-08-19,seasonal_naive,856.0,1146.0
Household,2024-08-19,holt_winters,856.0,1343.586767857616
Household,2024-08-19,sarima,856.0,1298.0713557064703
Household,2024-08-26,seasonal_naive,968.0,953.0
Household,2024-08-26,holt_winters,968.0,1398.9206974975248
Household,2024-08-26,sarima,968.0,1463.6993443220788
Household,2024-09-02,seasonal_naive,1249.0,886.0
Household,2024-09-02,holt_winters,1249.0,1015.565625683521
Household,2024-09-02,sarima,1249.0,1049.4981980508257
Household,2024-09-09,seasonal_naive,1188.0,1426.0
Household,2024-09-09,holt_winters,1188.0,1402.9441119092596
Household,2024-09-09,sarima,1188.0,1385.1343869583377
Household,2024-09-16,seasonal_naive,1491.0,1365.0
Household,2024-09-16,holt_winters,1491.0,1288.24727473941
Household,2024-09-16,sarima,1491.0,1291.924973377111
Household,2024-09-23,seasonal_naive,923.0,1193.0
Household,2024-09-23,holt_winters,923.0,1296.0038876084948
Household,2024-09-23,sarima,923.0,1291.1763152083436
Household,2024-09-30,seasonal_naive,1031.0,1354.0
Household,2024-09-30,holt_winters,1031.0,1445.0339296622958
Household,2024-09-30,sarima,1031.0,1485.7823915782958
Household,2024-10-07,seasonal_naive,1364.0,882.0
Household,2024-10-07,holt_winters,1364.0,1389.7485181603256
Household,2024-10-07,sarima,1364.0,1453.1490560784025
Household,2024-10-14,seasonal_naive,1042.0,811.0
Household,2024-10-14,holt_winters,1042.0,993.3085581973809
Household,2024-10-14,sarima,1042.0,1004.6107002559754
Household,2024-10-21,seasonal_naive,1310.0,890.0
Household,2024-10-21,holt_winters,1310.0,956.1777367823465
Household,2024-10-21,sarima,1310.0,950.7383253390891
Household,2024-10-28,seasonal_naive,915.0,777.0
Household,2024-10-28,holt_winters,915.0,1015.9196793637527
Household,2024-10-28,sarima,915.0,1011.0197448513006
Household,2024-11-04,seasonal_naive,1692.0,698.0
Household,2024-11-04,holt_winters,1692.0,884.4224225302651
Household,2024-11-04,sarima,1692.0,900.0160964471931
Household,2024-11-11,seasonal_naive,1074.0,963.0
Household,2024-11-11,holt_winters,1074.0,1023.7961333104631
Household,2024-11-11,sarima,1074.0,980.2865342622171
Household,2024-11-18,seasonal_naive,1765.0,893.0
Household,2024-11-18,holt_winters,1765.0,948.0898371316824
Household,2024-11-18,sarima,1765.0,946.081609109152
Household,2024-11-25,seasonal_naive,1090.0,1182.0
Household,2024-11-25,holt_winters,1090.0,1161.6700818610461
Household,2024-11-25,sarima,1090.0,1113.4178529578223
Household,2024-12-02,seasonal_naive,1339.0,1099.0
Household,2024-12-02,holt_winters,1339.0,2056.285645154532
Household,2024-12-02,sarima,1339.0,2148.3503958196334
Household,2024-12-09,seasonal_naive,1991.0,1158.0
Household,2024-12-09,holt_winters,1991.0,1415.932192816278
Household,2024-12-09,sarima,1991.0,1431.0544510712716
Household,2024-12-16,seasonal_naive,821.0,1008.0
Household,2024-12-16,holt_winters,821.0,1118.7901429392914
Household,2024-12-16,sarima,821.0,1091.4037443353168
Household,2024-12-23,seasonal_naive,1633.0,1550.0
Household,2024-12-23,holt_winters,1633.0,1322.4839473042896
Household,2024-12-23,sarima,1633.0,1331.563928870638
Personal Care,2024-07-01,seasonal_naive,3615.0,3276.0
Personal Care,2024-07-01,holt_winters,3615.0,3475.1012056810728
Personal Care,2024-07-01,sarima,3615.0,3481.6033277285355
Personal Care,2024-07-08,seasonal_naive,4266.0,3525.0
Personal Care,2024-07-08,holt_winters,4266.0,4219.622017282455
Personal Care,2024-07-08,sarima,4266.0,4312.28634132639
Personal Care,2024-07-15,seasonal_naive,5834.0,2712.0
Personal Care,2024-07-15,holt_winters,5834.0,3860.63881381696
Personal Care,2024-07-15,sarima,5834.0,3881.618887963845
Personal Care,2024-07-22,seasonal_naive,3438.0,3972.0
Personal Care,2024-07-22,holt_winters,3438.0,4543.566722138458
Personal Care,2024-07-22,sarima,3438.0,4454.725059985589
Personal Care,2024-07-29,seasonal_naive,3994.0,2814.0
Personal Care,2024-07-29,holt_winters,3994.0,3215.784190164971
Personal Care,2024-07-29,sarima,3994.0,3330.6121082067593
Personal Care,2024-08-05,seasonal_naive,4302.0,3439.0
Personal Care,2024-08-05,holt_winters,4302.0,4166.875083442208
Personal Care,2024-08-05,sarima,4302.0,4218.661346246224
Personal Care,2024-08-12,seasonal_naive,4282.0,2951.0
Personal Care,2024-08-12,holt_winters,4282.0,4155.012530238775
Personal Care,2024-08-12,sarima,4282.0,4403.825104696065
Personal Care,2024-08-19,seasonal_naive,4743.0,3784.0
Personal Care,2024-08-19,holt_winters,4743.0,4579.210896058309
Personal Care,2024-08-19,sarima,4743.0,4713.937897483915
Personal Care,2024-08-26,seasonal_naive,3767.0,4026.0
Personal Care,2024-08-26,holt_winters,3767.0,4020.822787080536
Personal Care,2024-08-26,sarima,3767.0,3906.5060846428223
Personal Care,2024-09-02,seasonal_naive,4716.0,3866.0
Personal Care,2024-09-02,holt_winters,4716.0,4447.12118310155
Personal Care,2024-09-02,sarima,4716.0,4520.677892696613
Personal Care,2024-09-09,seasonal_naive,4645.0,2545.0
Personal Care,2024-09-09,holt_winters,4645.0,3143.1447041246433
Personal Care,2024-09-09,sarima,4645.0,3191.7155539667374
Personal Care,2024-09-16,seasonal_naive,6026.0,3530.0
Personal Care,2024-09-16,holt_winters,6026.0,4006.9653821166394
Personal Care,2024-09-16,sarima,6026.0,3920.4308325871816
Personal Care,2024-09-23,seasonal_naive,5241.0,2746.0
Personal Care,2024-09-23,holt_winters,5241.0,3853.711323828833
Personal Care,2024-09-23,sarima,5241.0,3909.793425544064
Personal Care,2024-09-30,seasonal_naive,3888.0,3356.0
Personal Care,2024-09-30,holt_winters,3888.0,3632.24621352089
Personal Care,2024-09-30,sarima,3888.0,3512.7729493736274
Personal Care,2024-10-07,seasonal_naive,3873.0,3480.0
Personal Care,2024-10-07,holt_winters,3873.0,4256.420107338698
Personal Care,2024-10-07,sarima,3873.0,3790.231885989137
Personal Care,2024-10-14,seasonal_naive,3015.0,3569.0
Personal Care,2024-10-14,holt_winters,3015.0,3724.766085195002
Personal Care,2024-10-14,sarima,3015.0,3665.683275484159
Personal Care,2024-10-21,seasonal_naive,3491.0,3457.0
Personal Care,2024-10-21,holt_winters,3491.0,3482.105646771539
Personal Care,2024-10-21,sarima,3491.0,3445.315563067099
Personal Care,2024-10-28,seasonal_naive,3858.0,4201.0
Personal Care,2024-10-28,holt_winters,3858.0,3891.0203776923836
Personal Care,2024-10-28,sarima,3858.0,3696.89103256458
Personal Care,2024-11-04,seasonal_naive,4215.0,3283.0
Personal Care,2024-11-04,holt_winters,4215.0,4351.360300847836
Personal Care,2024-11-04,sarima,4215.0,4558.010058667335
Personal Care,2024-11-11,seasonal_naive,3599.0,3112.0
Personal Care,2024-11-11,holt_winters,3599.0,3484.892613230324
Personal Care,2024-11-11,sarima,3599.0,3527.370383688264
Personal Care,2024-11-18,seasonal_naive,2567.0,4016.0
Personal Care,2024-11-18,holt_winters,2567.0,4136.79352746577
Personal Care,2024-11-18,sarima,2567.0,4069.1036958047625
Personal Care,2024-11-25,seasonal_naive,3380.0,5088.0
Personal Care,2024-11-25,holt_winters,3380.0,4337.9142184810635
Personal Care,2024-11-25,sarima,3380.0,4224.691063200635
Personal Care,2024-12-02,seasonal_naive,6141.0,2826.0
Personal Care,2024-12-02,holt_winters,6141.0,3973.0766931839953
Personal Care,2024-12-02,sarima,6141.0,4274.675745185794
Personal Care,2024-12-09,seasonal_naive,4796.0,3763.0
Personal Care,2024-12-09,holt_winters,4796.0,3861.827764775254
Personal Care,2024-12-09,sarima,4796.0,3663.557108519696
Personal Care,2024-12-16,seasonal_naive,3797.0,3026.0
Personal Care,2024-12-16,holt_winters,3797.0,3809.4291759560087
Personal Care,2024-12-16,sarima,3797.0,3847.641146677469
Personal Care,2024-12-23,seasonal_naive,5127.0,2402.0
Personal Care,2024-12-23,holt_winters,5127.0,3574.3556340908863
Personal Care,2024-12-23,sarima,5127.0,3821.722849807432
Snacks,2024-07-01,seasonal_naive,2701.0,2923.0
Snacks,2024-07-01,holt_winters,2701.0,2538.2836497729386
Snacks,2024-07-01,sarima,2701.0,2867.695572026677
Snacks,2024-07-08,seasonal_naive,3567.0,1593.0
Snacks,2024-07-08,holt_winters,3567.0,2184.564278334954
Snacks,2024-07-08,sarima,3567.0,1825.1121690646492
Snacks,2024-07-15,seasonal_naive,2638.0,1645.0
Snacks,2024-07-15,holt_winters,2638.0,2036.7888220018517
Snacks,2024-07-15,sarima,2638.0,1573.4137670484333
Snacks,2024-07-22,seasonal_naive,2626.0,6349.0
Snacks,2024-07-22,holt_winters,2626.0,2998.545022070427
Snacks,2024-07-22,sarima,2626.0,5797.643301765541
Snacks,2024-07-29,seasonal_naive,1996.0,2093.0
Snacks,2024-07-29,holt_winters,1996.0,2796.520415959665
Snacks,2024-07-29,sarima,1996.0,3111.7508296006386
Snacks,2024-08-05,seasonal_naive,2450.0,2295.0
Snacks,2024-08-05,holt_winters,2450.0,5544.164271371755
Snacks,2024-08-05,sarima,2450.0,3502.603126635648
Snacks,2024-08-12,seasonal_naive,3237.0,2467.0
Snacks,2024-08-12,holt_winters,3237.0,2622.644078183272
Snacks,2024-08-12,sarima,3237.0,2468.9306234019587
Snacks,2024-08-19,seasonal_naive,7758.0,2982.0
Snacks,2024-08-19,holt_winters,7758.0,2901.8615305603157
Snacks,2024-08-19,sarima,7758.0,2456.444186011374
Snacks,2024-08-26,seasonal_naive,3019.0,2111.0
Snacks,2024-08-26,holt_winters,3019.0,3655.029515876521
Snacks,2024-08-26,sarima,3019.0,1777.064703722429
Snacks,2024-09-02,seasonal_naive,3916.0,2723.0
Snacks,2024-09-02,holt_winters,3916.0,3537.330933146877
Snacks,2024-09-02,sarima,3916.0,3853.2145076097363
Snacks,2024-09-09,seasonal_naive,4849.0,4187.0
Snacks,2024-09-09,holt_winters,4849.0,3859.47573191862
Snacks,2024-09-09,sarima,4849.0,4707.925675641346
Snacks,2024-09-16,seasonal_naive,10046.0,3443.0
Snacks,2024-09-16,holt_winters,10046.0,3809.268059352218
Snacks,2024-09-16,sarima,10046.0,4209.949971672545
Snacks,2024-09-23,seasonal_naive,6430.0,7528.0
Snacks,2024-09-23,holt_winters,6430.0,6199.098821648557
Snacks,2024-09-23,sarima,6430.0,7289.015774935813
Snacks,2024-09-30,seasonal_naive,6780.0,5167.0
Snacks,2024-09-30,holt_winters,6780.0,4552.151862942403
Snacks,2024-09-30,sarima,6780.0,7187.474498351807
Snacks,2024-10-07,seasonal_naive,4092.0,4852.0
Snacks,2024-10-07,holt_winters,4092.0,5510.857264753522
Snacks,2024-10-07,sarima,4092.0,6385.047335300851
Snacks,2024-10-14,seasonal_naive,4304.0,3664.0
Snacks,2024-10-14,holt_winters,4304.0,6221.2415962175655
Snacks,2024-10-14,sarima,4304.0,6011.446920941438
Snacks,2024-10-21,seasonal_naive,4925.0,21980.0
Snacks,2024-10-21,holt_winters,4925.0,12787.741690661836
Snacks,2024-10-21,sarima,4925.0,20154.916156084648
Snacks,2024-10-28,seasonal_naive,4953.0,6373.0
Snacks,2024-10-28,holt_winters,4953.0,6556.239579981931
Snacks,2024-10-28,sarima,4953.0,8590.91710574962
Snacks,2024-11-04,seasonal_naive,4066.0,4526.0
Snacks,2024-11-04,holt_winters,4066.0,5476.189091739107
Snacks,2024-11-04,sarima,4066.0,2420.184796982029
Snacks,2024-11-11,seasonal_naive,4239.0,3305.0
Snacks,2024-11-11,holt_winters,4239.0,3252.683698828786
Snacks,2024-11-11,sarima,4239.0,1047.7592768353406
Snacks,2024-11-18,seasonal_naive,7628.0,4196.0
Snacks,2024-11-18,holt_winters,7628.0,4646.741179592233
Snacks,2024-11-18,sarima,7628.0,2211.9490390821793
Snacks,2024-11-25,seasonal_naive,7424.0,7356.0
Snacks,2024-11-25,holt_winters,7424.0,6290.49979734126
Snacks,2024-11-25,sarima,7424.0,5122.703157479984
Snacks,2024-12-02,seasonal_naive,11622.0,8703.0
Snacks,2024-12-02,holt_winters,11622.0,5399.625933916478
Snacks,2024-12-02,sarima,11622.0,7476.125133231179
Snacks,2024-12-09,seasonal_naive,10191.0,8327.0
Snacks,2024-12-09,holt_winters,10191.0,6074.755213492024
Snacks,2024-12-09,sarima,10191.0,6864.795064946319
Snacks,2024-12-16,seasonal_naive,5968.0,8859.0
Snacks,2024-12-16,holt_winters,5968.0,6097.219026299237
Snacks,2024-12-16,sarima,5968.0,8539.40186294146
Snacks,2024-12-23,seasonal_naive,3635.0,3026.0
Snacks,2024-12-23,holt_winters,3635.0,5079.729481903981
Snacks,2024-12-23,sarima,3635.0,4914.369645307116
