sku_id,category,segment,lead_time_weeks,mean_weekly_demand,sigma_residual,z_segmented,review_period_segmented,safety_stock_segmented,reorder_point_segmented,order_up_to_segmented,z_uniform,review_period_uniform,safety_stock_uniform,reorder_point_uniform,order_up_to_uniform
PCA-08,Personal Care,AX,2,2091.96,1145.02,2.326,1,4613.7,7951.0,10889.6,2.054,2,4703.2,7509.6,13071.0
PCA-05,Personal Care,AX,2,1022.1,207.55,2.326,1,836.3,2727.0,3902.6,2.054,2,852.5,2647.0,4940.9
FRZ-02,Frozen Foods,AY,3,796.87,832.64,2.054,1,3420.1,5352.5,6607.5,2.054,2,3823.8,5352.5,7808.1
FRZ-08,Frozen Foods,AX,3,711.73,157.05,2.326,1,730.7,2768.0,3577.6,2.054,2,721.2,2693.9,4279.9
BEV-06,Beverages,AX,1,939.98,680.88,2.326,1,2240.1,2523.9,4120.0,2.054,2,2422.0,2338.3,5242.0
PCA-01,Personal Care,AX,3,525.35,185.96,2.326,1,865.2,2325.3,2966.6,2.054,2,854.0,2237.5,3480.7
SNK-03,Snacks,AZ,2,1849.12,4001.76,1.645,2,13164.6,13007.0,20561.1,2.054,2,16437.2,15321.1,23833.7
BEV-04,Beverages,AX,2,551.96,98.25,2.326,1,395.9,1427.1,2051.8,2.054,2,403.5,1389.3,2611.4
BEV-09,Beverages,AX,1,437.75,202.09,2.326,1,664.9,907.9,1540.4,2.054,2,718.9,852.8,2032.1
SNK-06,Snacks,AY,1,820.27,713.32,2.054,1,2071.8,2285.2,3712.3,2.054,2,2537.4,2285.2,4998.2
SNK-02,Snacks,AX,1,418.69,116.38,2.326,1,382.9,689.4,1220.3,2.054,2,414.0,657.7,1670.1
HHD-07,Household,AY,4,430.83,472.32,2.054,1,2169.0,3663.4,4323.2,2.054,2,2376.1,3663.4,4961.0
FRZ-05,Frozen Foods,AZ,3,298.08,479.46,1.645,2,1763.5,2260.2,3253.8,2.054,2,2201.8,2599.8,3692.2
SNK-01,Snacks,AY,2,418.29,814.97,2.054,1,2899.0,3203.6,4153.9,2.054,2,3347.5,3203.6,5020.6
BEV-01,Beverages,AY,1,332.81,278.04,2.054,1,807.6,903.8,1473.2,2.054,2,989.1,903.8,1987.5
BEV-02,Beverages,AX,2,332.38,71.94,2.326,1,289.9,901.4,1287.0,2.054,2,295.5,873.7,1625.0
HHD-03,Household,BZ,3,110.04,122.0,1.405,2,383.3,627.0,933.5,2.054,2,560.3,764.1,1110.5
HHD-02,Household,BX,3,278.44,69.27,2.054,1,284.5,1081.7,1398.3,2.054,2,318.1,1081.7,1710.3
BEV-03,Beverages,BZ,1,395.69,555.63,1.405,2,1352.2,1176.4,2539.3,2.054,2,1976.5,1536.8,3163.6
FRZ-01,Frozen Foods,BZ,2,157.48,120.95,1.405,2,339.9,555.3,969.8,2.054,2,496.8,666.3,1126.7
PCA-04,Personal Care,BX,3,140.33,87.12,2.054,1,357.9,730.9,919.2,2.054,2,400.1,730.9,1101.7
HHD-09,Household,BY,2,120.52,60.72,1.881,2,228.4,402.5,710.5,2.054,2,249.4,417.4,731.5
FRZ-03,Frozen Foods,BY,3,139.75,97.96,1.881,2,412.0,738.4,1110.7,2.054,2,449.8,767.7,1148.6
BEV-05,Beverages,BY,1,158.77,132.77,1.881,2,432.5,408.5,908.8,2.054,2,472.3,431.4,948.6
HHD-05,Household,BX,3,76.1,29.56,2.054,1,121.4,333.4,425.8,2.054,2,135.7,333.4,516.2
BEV-08,Beverages,BX,1,157.58,52.73,2.054,1,153.2,265.9,468.3,2.054,2,187.6,265.9,660.3
FRZ-07,Frozen Foods,BY,3,112.31,71.64,1.881,2,301.3,570.3,862.8,2.054,2,329.0,591.8,890.5
PCA-09,Personal Care,BX,3,132.44,27.0,2.054,1,110.9,493.4,640.7,2.054,2,124.0,493.4,786.2
PCA-06,Personal Care,BY,2,136.15,172.21,1.881,2,647.8,730.4,1192.4,2.054,2,707.4,772.5,1252.0
HHD-04,Household,BY,3,188.12,236.14,1.881,2,993.1,1333.6,1933.7,2.054,2,1084.4,1404.3,2025.0
PCA-07,Personal Care,BX,2,263.73,81.01,2.054,1,288.2,762.8,1079.4,2.054,2,332.8,762.8,1387.7
HHD-08,Household,CY,3,72.98,58.69,1.405,4,218.2,361.8,729.0,2.054,2,269.5,427.7,634.4
SNK-04,Snacks,CY,2,302.46,209.87,1.405,4,722.3,1022.0,2537.1,2.054,2,862.1,1214.5,2071.9
SNK-07,Snacks,CX,1,287.29,145.75,1.645,2,415.2,527.0,1277.1,2.054,2,518.4,586.6,1380.3
SNK-09,Snacks,CX,1,249.87,72.57,1.645,2,206.8,369.2,956.3,2.054,2,258.1,398.9,1007.7
FRZ-09,Frozen Foods,CY,2,88.96,64.27,1.405,4,221.2,305.6,755.0,2.054,2,264.0,364.6,619.8
FRZ-04,Frozen Foods,CX,3,73.27,36.89,1.645,2,135.7,324.9,502.0,2.054,2,169.4,351.0,535.7
FRZ-06,Frozen Foods,CY,3,82.1,73.97,1.405,4,275.0,426.3,849.7,2.054,2,339.7,509.4,750.2
HHD-01,Household,CX,2,31.25,17.04,1.645,2,56.1,102.1,181.1,2.054,2,70.0,112.0,195.0
PCA-03,Personal Care,CX,2,116.83,37.27,1.645,2,122.6,320.4,589.9,2.054,2,153.1,341.9,620.4
BEV-07,Beverages,CX,1,45.08,11.3,1.645,2,32.2,63.7,167.4,2.054,2,40.2,68.3,175.4
PCA-02,Personal Care,CX,2,74.92,39.82,1.645,2,131.0,242.5,430.7,2.054,2,163.6,265.5,463.3
HHD-06,Household,CX,2,56.79,17.23,1.645,2,56.7,153.7,283.8,2.054,2,70.8,163.6,297.9
SNK-08,Snacks,CX,1,62.85,27.36,1.645,2,78.0,107.9,266.5,2.054,2,97.3,119.0,285.9
SNK-05,Snacks,CX,2,48.06,24.99,1.645,2,82.2,154.2,274.4,2.054,2,102.6,168.7,294.9
