sku_id,category,annual_units,annual_value_usd,value_share_pct,cum_value_share_pct,abc_class,cv_52w,xyz_class,segment
PCA-08,Personal Care,108782,542822.18,17.642,17.64,A,0.474,X,AX
PCA-05,Personal Care,53149,365665.12,11.885,29.53,A,0.299,X,AX
FRZ-02,Frozen Foods,41437,229975.35,7.474,37.0,A,0.903,Y,AY
FRZ-08,Frozen Foods,37010,228351.7,7.422,44.42,A,0.332,X,AX
BEV-06,Beverages,48879,158856.75,5.163,49.59,A,0.467,X,AX
PCA-01,Personal Care,27318,142326.78,4.626,54.21,A,0.269,X,AX
SNK-03,Snacks,96154,124038.66,4.031,58.24,A,1.009,Z,AZ
BEV-04,Beverages,28702,119974.35999999999,3.899,62.14,A,0.337,X,AX
BEV-09,Beverages,22763,74435.01,2.419,64.56,A,0.382,X,AX
SNK-06,Snacks,42654,71658.72,2.329,66.89,A,0.893,Y,AY
SNK-02,Snacks,21772,68581.8,2.229,69.12,A,0.272,X,AX
HHD-07,Household,22403,68105.12,2.214,71.33,A,0.653,Y,AY
FRZ-05,Frozen Foods,15500,63395.0,2.06,73.39,A,1.091,Z,AZ
SNK-01,Snacks,21751,57640.15,1.873,75.27,A,0.843,Y,AY
BEV-01,Beverages,17306,55725.32000000001,1.811,77.08,A,0.718,Y,AY
BEV-02,Beverages,17284,50987.8,1.657,78.74,A,0.28,X,AX
HHD-03,Household,5722,50181.939999999995,1.631,80.37,B,1.059,Z,BZ
HHD-02,Household,14479,48794.23,1.586,81.95,B,0.275,X,BX
BEV-03,Beverages,20576,39505.92,1.284,83.24,B,1.265,Z,BZ
FRZ-01,Frozen Foods,8189,37915.07,1.232,84.47,B,1.036,Z,BZ
PCA-04,Personal Care,7297,36557.97,1.188,85.66,B,0.424,X,BX
HHD-09,Household,6267,35220.54,1.145,86.8,B,0.597,Y,BY
FRZ-03,Frozen Foods,7267,33646.21,1.094,87.9,B,0.531,Y,BY
BEV-05,Beverages,8256,30299.52,0.985,88.88,B,0.733,Y,BY
HHD-05,Household,3957,28015.56,0.911,89.79,B,0.267,X,BX
BEV-08,Beverages,8194,26712.44,0.868,90.66,B,0.383,X,BX
FRZ-07,Frozen Foods,5840,25287.2,0.822,91.48,B,0.638,Y,BY
PCA-09,Personal Care,6887,25275.29,0.821,92.3,B,0.272,X,BX
PCA-06,Personal Care,7080,24355.2,0.792,93.09,B,0.699,Y,BY
HHD-04,Household,9782,24063.72,0.782,93.88,B,0.963,Y,BY
PCA-07,Personal Care,13714,23039.52,0.749,94.62,B,0.324,X,BX
HHD-08,Household,3795,20872.5,0.678,95.3,C,0.578,Y,CY
SNK-04,Snacks,15728,18716.32,0.608,95.91,C,0.581,Y,CY
SNK-07,Snacks,14939,17777.41,0.578,96.49,C,0.445,X,CX
SNK-09,Snacks,12993,17280.690000000002,0.562,97.05,C,0.295,X,CX
FRZ-09,Frozen Foods,4626,16144.740000000002,0.525,97.58,C,0.736,Y,CY
FRZ-04,Frozen Foods,3810,12801.6,0.416,97.99,C,0.452,X,CX
FRZ-06,Frozen Foods,4269,11312.85,0.368,98.36,C,0.889,Y,CY
HHD-01,Household,1625,10952.5,0.356,98.72,C,0.451,X,CX
PCA-03,Personal Care,6075,9902.25,0.322,99.04,C,0.242,X,CX
BEV-07,Beverages,2344,8790.0,0.286,99.32,C,0.359,X,CX
PCA-02,Personal Care,3896,6701.12,0.218,99.54,C,0.397,X,CX
HHD-06,Household,2953,5994.589999999999,0.195,99.74,C,0.237,X,CX
SNK-08,Snacks,3268,5098.08,0.166,99.9,C,0.481,X,CX
SNK-05,Snacks,2499,3048.7799999999997,0.099,100.0,C,0.469,X,CX
