sku_id,category,segment,avg_inventory_uniform,avg_inventory_segmented,fill_rate_uniform_pct,fill_rate_segmented_pct
PCA-08,Personal Care,AX,8210.59,6946.62,100.0,100.0
PCA-05,Personal Care,AX,2633.05,2025.66,100.0,100.0
FRZ-02,Frozen Foods,AY,4888.47,4066.88,100.0,100.0
FRZ-08,Frozen Foods,AX,2117.7,1688.87,100.0,100.0
BEV-06,Beverages,AX,3787.57,3107.29,100.0,100.0
PCA-01,Personal Care,AX,1900.65,1566.84,100.0,100.0
SNK-03,Snacks,AZ,17582.56,14309.96,100.0,100.0
BEV-04,Beverages,AX,1321.7,1007.18,100.0,100.0
BEV-09,Beverages,AX,1356.66,1071.94,100.0,100.0
SNK-06,Snacks,AY,3859.03,2861.44,100.0,100.0
SNK-02,Snacks,AX,1106.25,823.61,100.0,100.0
HHD-07,Household,AY,3360.57,2855.22,100.0,100.0
FRZ-05,Frozen Foods,AZ,2640.92,2202.54,100.0,100.0
SNK-01,Snacks,AY,3913.08,3233.13,100.0,100.0
BEV-01,Beverages,AY,1410.48,1095.53,100.0,100.0
BEV-02,Beverages,AX,795.22,621.22,100.0,100.0
HHD-03,Household,BZ,787.23,610.27,100.0,100.0
HHD-02,Household,BX,872.81,669.63,100.0,100.0
BEV-03,Beverages,BZ,2655.97,2055.7,98.53,92.24
FRZ-01,Frozen Foods,BZ,879.57,722.66,100.0,100.0
PCA-04,Personal Care,BX,674.78,551.52,100.0,100.0
HHD-09,Household,BY,495.56,474.56,100.0,100.0
FRZ-03,Frozen Foods,BY,687.01,649.13,100.0,100.0
BEV-05,Beverages,BY,710.62,670.85,100.0,100.0
HHD-05,Household,BX,264.25,203.17,100.0,100.0
BEV-08,Beverages,BX,427.8,309.81,100.0,100.0
FRZ-07,Frozen Foods,BY,583.0,555.3,100.0,100.0
PCA-09,Personal Care,BX,398.39,304.97,100.0,100.0
PCA-06,Personal Care,BY,963.16,903.59,100.0,100.0
HHD-04,Household,BY,1319.56,1228.24,100.0,100.0
PCA-07,Personal Care,BX,806.77,606.22,100.0,100.0
HHD-08,Household,CY,359.76,391.45,100.0,98.04
SNK-04,Snacks,CY,1165.36,1306.01,100.0,100.0
SNK-07,Snacks,CX,908.08,804.86,100.0,100.0
SNK-09,Snacks,CX,622.32,570.92,100.0,100.0
FRZ-09,Frozen Foods,CY,406.24,470.99,100.0,100.0
FRZ-04,Frozen Foods,CX,275.85,242.13,100.0,100.0
FRZ-06,Frozen Foods,CY,504.47,532.56,100.0,100.0
HHD-01,Household,CX,120.65,106.71,100.0,100.0
PCA-03,Personal Care,CX,341.37,310.89,100.0,100.0
BEV-07,Beverages,CX,114.0,106.0,100.0,100.0
PCA-02,Personal Care,CX,299.46,266.9,100.0,100.0
HHD-06,Household,CX,172.88,158.79,100.0,100.0
SNK-08,Snacks,CX,188.65,169.27,100.0,100.0
SNK-05,Snacks,CX,167.83,147.4,100.0,100.0
