sku_id,mean_weekly_demand,sigma_residual,mape_naive_pct,rmse_naive
BEV-01,332.8076923076923,278.0447363008611,47.74311128039978,288.1821672804574
BEV-02,332.38461538461536,71.93951519265227,14.28961896004935,70.55685105479999
BEV-03,395.6923076923077,555.6309248191506,101.55470677598461,555.6900422690001
BEV-04,551.9615384615385,98.24604121991185,20.866545968739246,140.83555604375567
BEV-05,158.76923076923077,132.76586679043444,100.31632340534445,133.3451276834781
BEV-06,939.9807692307693,680.8775841628102,65.12958016984214,673.0784329653394
BEV-07,45.07692307692308,11.298468241995664,22.60341534737165,11.08012774155744
BEV-08,157.57692307692307,52.730388260981414,25.758956805274163,53.45918644521833
BEV-09,437.75,202.09012460171937,31.712945051408347,199.54968534948114
FRZ-01,157.48076923076923,120.95089912853066,164.06147340023034,122.33749032271972
FRZ-02,796.8653846153846,832.6406344599368,83.37745187531844,897.5902997213407
FRZ-03,139.75,97.95509960416322,75.20747652205984,96.12831968860085
FRZ-04,73.26923076923077,36.8861032827353,38.87552341608481,37.21765503297926
FRZ-05,298.0769230769231,479.46114144302265,274.86836176448253,470.1541073045992
FRZ-06,82.09615384615384,73.97476700771793,89.6091124503626,72.56270497883989
FRZ-07,112.3076923076923,71.64205898342547,64.25560239357083,70.4452870072829
FRZ-08,711.7307692307693,157.05266142774678,21.29544198527631,184.42154888273686
FRZ-09,88.96153846153847,64.26627300656112,39.43257334708697,67.46109990209172
HHD-01,31.25,17.039907908743565,42.05084719588601,16.736647950392715
HHD-02,278.4423076923077,69.26827445630393,23.984705391465603,70.64564878538305
HHD-03,110.03846153846153,122.00098360259231,126.81295807434445,121.29208230865373
HHD-04,188.1153846153846,236.13544027495357,102.59040889813014,233.63111950251832
HHD-05,76.09615384615384,29.55630871092303,33.581404701300684,30.025630077293325
HHD-06,56.78846153846154,17.228062974291504,25.600394389668313,16.89788334491813
HHD-07,430.8269230769231,472.32078571177095,68.5869918712926,464.23431583630264
HHD-08,72.98076923076923,58.68770019217105,49.412522289040375,63.308159639363055
HHD-09,120.51923076923077,60.720291881329466,47.14895290129602,62.785961194178775
PCA-01,525.3461538461538,185.96138970640777,25.75600892618971,202.4903606442691
PCA-02,74.92307692307692,39.82453824156466,50.004913536015096,39.160419578171805
PCA-03,116.82692307692308,37.27298464860823,28.968733941582858,40.895269615483365
PCA-04,140.32692307692307,87.12449977783781,57.174548874598074,85.52799811487733
PCA-05,1022.0961538461538,207.54952699017687,27.888505153941885,328.9112576130762
PCA-06,136.15384615384616,172.21044817762498,206.38766810446558,168.97416734746537
PCA-07,263.7307692307692,81.01407285157313,26.806353673269136,87.21723541735403
PCA-08,2091.9615384615386,1145.0206642408082,53.5606032007757,1204.5373353730852
PCA-09,132.44230769230768,26.99891735721154,17.824041424640924,26.730852241155006
SNK-01,418.28846153846155,814.9651243127854,160.1366033031765,836.7132584840979
SNK-02,418.6923076923077,116.3774826224492,27.583897471821384,123.02548203835346
SNK-03,1849.1153846153845,4001.7573132120533,100.77740677857088,3924.780307423393
SNK-04,302.46153846153845,209.87291759172155,40.71441205101344,223.35647603016884
SNK-05,48.05769230769231,24.988366524013962,40.488919926272914,25.61399857649959
SNK-06,820.2692307692307,713.3181327160682,55.99683472447828,759.1444830556605
SNK-07,287.28846153846155,145.74585361564783,32.93665045772979,150.8961690903843
SNK-08,62.84615384615385,27.364097758812477,35.2715092737208,28.02196940314455
SNK-09,249.8653846153846,72.57052802936974,22.617766416022917,72.89586882881424
