category,week_start,total_units,active_skus,promo_sku_weeks
Beverages,2022-01-03,2199,9,0
Beverages,2022-01-10,1782,9,2
Beverages,2022-01-17,2336,9,1
Beverages,2022-01-24,2106,9,1
Beverages,2022-01-31,2158,9,0
Beverages,2022-02-07,2094,9,0
Beverages,2022-02-14,2039,9,0
Beverages,2022-02-21,2276,9,0
Beverages,2022-02-28,2008,9,1
Beverages,2022-03-07,1842,9,0
Beverages,2022-03-14,2621,9,1
Beverages,2022-03-21,2347,9,0
Beverages,2022-03-28,4003,9,1
Beverages,2022-04-04,3723,9,1
Beverages,2022-04-11,3580,9,2
Beverages,2022-04-18,2757,9,0
Beverages,2022-04-25,3603,9,2
Beverages,2022-05-02,3266,9,0
Beverages,2022-05-09,5163,9,0
Beverages,2022-05-16,4660,9,1
Beverages,2022-05-23,4019,9,1
Beverages,2022-05-30,3088,9,0
Beverages,2022-06-06,3942,9,1
Beverages,2022-06-13,4074,9,0
Beverages,2022-06-20,5548,9,0
Beverages,2022-06-27,3603,9,0
Beverages,2022-07-04,3340,9,1
Beverages,2022-07-11,4825,9,0
Beverages,2022-07-18,3323,9,0
Beverages,2022-07-25,2589,9,0
Beverages,2022-08-01,2986,9,0
Beverages,2022-08-08,2552,9,0
Beverages,2022-08-15,2393,9,1
Beverages,2022-08-22,2546,9,1
Beverages,2022-08-29,2793,9,1
Beverages,2022-09-05,3819,9,1
Beverages,2022-09-12,2115,9,1
Beverages,2022-09-19,2367,9,0
Beverages,2022-09-26,2677,9,1
Beverages,2022-10-03,2787,9,1
Beverages,2022-10-10,2580,9,0
Beverages,2022-10-17,2334,9,1
Beverages,2022-10-24,2907,9,0
Beverages,2022-10-31,2796,9,0
Beverages,2022-11-07,1902,9,0
Beverages,2022-11-14,2188,9,1
Beverages,2022-11-21,1933,9,1
Beverages,2022-11-28,2280,9,0
Beverages,2022-12-05,1591,9,0
Beverages,2022-12-12,1969,9,0
Beverages,2022-12-19,2076,9,0
Beverages,2022-12-26,2045,9,0
Beverages,2023-01-02,1879,9,0
Beverages,2023-01-09,1940,9,1
Beverages,2023-01-16,1873,9,0
Beverages,2023-01-23,2204,9,0
Beverages,2023-01-30,1787,9,0
Beverages,2023-02-06,1897,9,0
Beverages,2023-02-13,2290,9,0
Beverages,2023-02-20,2777,9,2
Beverages,2023-02-27,2667,9,0
Beverages,2023-03-06,2385,9,1
Beverages,2023-03-13,2015,9,0
Beverages,2023-03-20,2519,9,0
Beverages,2023-03-27,2230,9,0
Beverages,2023-04-03,3574,9,0
Beverages,2023-04-10,2555,9,0
Beverages,2023-04-17,2889,9,0
Beverages,2023-04-24,4047,9,1
Beverages,2023-05-01,4326,9,0
Beverages,2023-05-08,3284,9,0
Beverages,2023-05-15,3517,9,0
Beverages,2023-05-22,4521,9,0
Beverages,2023-05-29,3133,9,1
Beverages,2023-06-05,2946,9,0
Beverages,2023-06-12,4773,9,2
Beverages,2023-06-19,4710,9,0
Beverages,2023-06-26,4018,9,2
Beverages,2023-07-03,4320,9,1
Beverages,2023-07-10,4134,9,0
Beverages,2023-07-17,4579,9,1
Beverages,2023-07-24,2782,9,1
Beverages,2023-07-31,3779,9,0
Beverages,2023-08-07,4178,9,1
Beverages,2023-08-14,2789,9,1
Beverages,2023-08-21,3637,9,0
Beverages,2023-08-28,2771,9,0
Beverages,2023-09-04,3126,9,0
Beverages,2023-09-11,2622,9,1
Beverages,2023-09-18,2349,9,0
Beverages,2023-09-25,2394,9,0
Beverages,2023-10-02,2307,9,0
Beverages,2023-10-09,2955,9,0
Beverages,2023-10-16,2267,9,1
Beverages,2023-10-23,2790,9,0
Beverages,2023-10-30,2935,9,0
Beverages,2023-11-06,2666,9,2
Beverages,2023-11-13,3074,9,1
Beverages,2023-11-20,3091,9,0
Beverages,2023-11-27,3864,9,0
Beverages,2023-12-04,2046,9,0
Beverages,2023-12-11,2147,9,1
Beverages,2023-12-18,2288,9,0
Beverages,2023-12-25,2491,9,0
Beverages,2024-01-01,2294,9,1
Beverages,2024-01-08,2328,9,2
Beverages,2024-01-15,2194,9,0
Beverages,2024-01-22,1608,9,1
Beverages,2024-01-29,2233,9,0
Beverages,2024-02-05,2032,9,0
Beverages,2024-02-12,2487,9,0
Beverages,2024-02-19,2113,9,1
Beverages,2024-02-26,1980,9,0
Beverages,2024-03-04,1905,9,0
Beverages,2024-03-11,2385,9,1
Beverages,2024-03-18,2067,9,2
Beverages,2024-03-25,2871,9,0
Beverages,2024-04-01,2591,9,1
Beverages,2024-04-08,3555,9,1
Beverages,2024-04-15,3522,9,1
Beverages,2024-04-22,6196,9,2
Beverages,2024-04-29,4626,9,2
Beverages,2024-05-06,5084,9,0
Beverages,2024-05-13,3866,9,0
Beverages,2024-05-20,3668,9,1
Beverages,2024-05-27,4554,9,1
Beverages,2024-06-03,5045,9,1
Beverages,2024-06-10,4324,9,2
Beverages,2024-06-17,4882,9,1
Beverages,2024-06-24,3611,9,0
Beverages,2024-07-01,4067,9,0
Beverages,2024-07-08,4251,9,1
Beverages,2024-07-15,5096,9,0
Beverages,2024-07-22,4268,9,0
Beverages,2024-07-29,5397,9,0
Beverages,2024-08-05,3821,9,0
Beverages,2024-08-12,3385,9,1
Beverages,2024-08-19,3598,9,0
Beverages,2024-08-26,3102,9,1
Beverages,2024-09-02,3349,9,2
Beverages,2024-09-09,3258,9,0
Beverages,2024-09-16,3163,9,0
Beverages,2024-09-23,3712,9,3
Beverages,2024-09-30,3216,9,0
Beverages,2024-10-07,5530,9,0
Beverages,2024-10-14,2988,9,1
Beverages,2024-10-21,3259,9,0
Beverages,2024-10-28,2535,9,1
Beverages,2024-11-04,3361,9,1
Beverages,2024-11-11,4516,9,2
Beverages,2024-11-18,2554,9,0
Beverages,2024-11-25,2204,9,0
Beverages,2024-12-02,2386,9,1
Beverages,2024-12-09,2564,9,0
Beverages,2024-12-16,2391,9,0
Beverages,2024-12-23,2312,9,1
Frozen Foods,2022-01-03,1310,9,0
Frozen Foods,2022-01-10,1453,9,0
Frozen Foods,2022-01-17,1355,9,1
Frozen Foods,2022-01-24,1685,9,0
Frozen Foods,2022-01-31,1353,9,0
Frozen Foods,2022-02-07,1228,9,0
Frozen Foods,2022-02-14,2324,9,0
Frozen Foods,2022-02-21,1060,9,0
Frozen Foods,2022-02-28,1490,9,1
Frozen Foods,2022-03-07,1412,9,0
Frozen Foods,2022-03-14,2127,9,0
Frozen Foods,2022-03-21,1734,9,1
Frozen Foods,2022-03-28,2668,9,1
Frozen Foods,2022-04-04,1413,9,0
Frozen Foods,2022-04-11,1809,9,1
Frozen Foods,2022-04-18,1555,9,0
Frozen Foods,2022-04-25,3247,9,2
Frozen Foods,2022-05-02,1511,9,3
Frozen Foods,2022-05-09,2133,9,0
Frozen Foods,2022-05-16,3177,9,1
Frozen Foods,2022-05-23,2995,9,0
Frozen Foods,2022-05-30,2798,9,2
Frozen Foods,2022-06-06,2505,9,0
Frozen Foods,2022-06-13,2603,9,0
Frozen Foods,2022-06-20,1839,9,1
Frozen Foods,2022-06-27,2114,9,0
Frozen Foods,2022-07-04,3684,9,3
Frozen Foods,2022-07-11,2717,9,0
Frozen Foods,2022-07-18,2082,9,0
Frozen Foods,2022-07-25,2304,9,0
Frozen Foods,2022-08-01,2124,9,1
Frozen Foods,2022-08-08,1800,9,0
Frozen Foods,2022-08-15,1615,9,0
Frozen Foods,2022-08-22,1830,9,0
Frozen Foods,2022-08-29,1429,9,0
Frozen Foods,2022-09-05,1309,9,0
Frozen Foods,2022-09-12,2148,9,0
Frozen Foods,2022-09-19,1268,9,0
Frozen Foods,2022-09-26,1396,9,0
Frozen Foods,2022-10-03,1324,9,0
Frozen Foods,2022-10-10,2356,9,0
Frozen Foods,2022-10-17,2568,9,2
Frozen Foods,2022-10-24,1364,9,0
Frozen Foods,2022-10-31,2187,9,0
Frozen Foods,2022-11-07,1905,9,0
Frozen Foods,2022-11-14,1739,9,0
Frozen Foods,2022-11-21,955,9,0
Frozen Foods,2022-11-28,1265,9,1
Frozen Foods,2022-12-05,1701,9,1
Frozen Foods,2022-12-12,1925,9,0
Frozen Foods,2022-12-19,1152,9,0
Frozen Foods,2022-12-26,2459,9,1
Frozen Foods,2023-01-02,963,9,1
Frozen Foods,2023-01-09,1080,9,2
Frozen Foods,2023-01-16,1391,9,1
Frozen Foods,2023-01-23,1522,9,1
Frozen Foods,2023-01-30,1605,9,1
Frozen Foods,2023-02-06,1718,9,0
Frozen Foods,2023-02-13,1091,9,0
Frozen Foods,2023-02-20,1692,9,0
Frozen Foods,2023-02-27,1731,9,0
Frozen Foods,2023-03-06,1486,9,0
Frozen Foods,2023-03-13,2195,9,1
Frozen Foods,2023-03-20,2058,9,0
Frozen Foods,2023-03-27,1941,9,1
Frozen Foods,2023-04-03,1374,9,1
Frozen Foods,2023-04-10,1887,9,0
Frozen Foods,2023-04-17,2124,9,1
Frozen Foods,2023-04-24,4263,9,3
Frozen Foods,2023-05-01,1811,9,1
Frozen Foods,2023-05-08,3644,9,0
Frozen Foods,2023-05-15,3911,9,1
Frozen Foods,2023-05-22,2340,9,2
Frozen Foods,2023-05-29,2473,9,0
Frozen Foods,2023-06-05,2789,9,0
Frozen Foods,2023-06-12,2033,9,0
Frozen Foods,2023-06-19,2275,9,1
Frozen Foods,2023-06-26,4099,9,2
Frozen Foods,2023-07-03,2643,9,1
Frozen Foods,2023-07-10,1632,9,0
Frozen Foods,2023-07-17,1510,9,1
Frozen Foods,2023-07-24,3367,9,0
Frozen Foods,2023-07-31,1701,9,0
Frozen Foods,2023-08-07,1806,9,0
Frozen Foods,2023-08-14,1343,9,0
Frozen Foods,2023-08-21,2765,9,0
Frozen Foods,2023-08-28,3878,9,1
Frozen Foods,2023-09-04,2000,9,2
Frozen Foods,2023-09-11,1353,9,1
Frozen Foods,2023-09-18,1725,9,2
Frozen Foods,2023-09-25,1692,9,1
Frozen Foods,2023-10-02,2565,9,0
Frozen Foods,2023-10-09,2016,9,1
Frozen Foods,2023-10-16,1535,9,0
Frozen Foods,2023-10-23,1377,9,0
Frozen Foods,2023-10-30,1388,9,0
Frozen Foods,2023-11-06,1710,9,0
Frozen Foods,2023-11-13,1351,9,0
Frozen Foods,2023-11-20,1042,9,1
Frozen Foods,2023-11-27,2391,9,0
Frozen Foods,2023-12-04,1606,9,0
Frozen Foods,2023-12-11,1913,9,1
Frozen Foods,2023-12-18,1184,9,0
Frozen Foods,2023-12-25,880,9,1
Frozen Foods,2024-01-01,2544,9,2
Frozen Foods,2024-01-08,1154,9,0
Frozen Foods,2024-01-15,1223,9,0
Frozen Foods,2024-01-22,1198,9,0
Frozen Foods,2024-01-29,1361,9,0
Frozen Foods,2024-02-05,1638,9,0
Frozen Foods,2024-02-12,1824,9,0
Frozen Foods,2024-02-19,3608,9,2
Frozen Foods,2024-02-26,2105,9,1
Frozen Foods,2024-03-04,1605,9,0
Frozen Foods,2024-03-11,2231,9,0
Frozen Foods,2024-03-18,2029,9,0
Frozen Foods,2024-03-25,3402,9,0
Frozen Foods,2024-04-01,2474,9,1
Frozen Foods,2024-04-08,2169,9,1
Frozen Foods,2024-04-15,2988,9,3
Frozen Foods,2024-04-22,3747,9,2
Frozen Foods,2024-04-29,2554,9,1
Frozen Foods,2024-05-06,3510,9,0
Frozen Foods,2024-05-13,3523,9,2
Frozen Foods,2024-05-20,2739,9,0
Frozen Foods,2024-05-27,2556,9,1
Frozen Foods,2024-06-03,3594,9,1
Frozen Foods,2024-06-10,2574,9,0
Frozen Foods,2024-06-17,4469,9,1
Frozen Foods,2024-06-24,2728,9,1
Frozen Foods,2024-07-01,3702,9,1
Frozen Foods,2024-07-08,2592,9,0
Frozen Foods,2024-07-15,3137,9,0
Frozen Foods,2024-07-22,2475,9,0
Frozen Foods,2024-07-29,2638,9,1
Frozen Foods,2024-08-05,2576,9,0
Frozen Foods,2024-08-12,1860,9,0
Frozen Foods,2024-08-19,4413,9,1
Frozen Foods,2024-08-26,2715,9,1
Frozen Foods,2024-09-02,2498,9,0
Frozen Foods,2024-09-09,2059,9,0
Frozen Foods,2024-09-16,2783,9,0
Frozen Foods,2024-09-23,1252,9,0
Frozen Foods,2024-09-30,2765,9,1
Frozen Foods,2024-10-07,2526,9,0
Frozen Foods,2024-10-14,1389,9,0
Frozen Foods,2024-10-21,2103,9,2
Frozen Foods,2024-10-28,2283,9,1
Frozen Foods,2024-11-04,2024,9,1
Frozen Foods,2024-11-11,1435,9,1
Frozen Foods,2024-11-18,1478,9,0
Frozen Foods,2024-11-25,1490,9,0
Frozen Foods,2024-12-02,2191,9,1
Frozen Foods,2024-12-09,4820,9,0
Frozen Foods,2024-12-16,1536,9,0
Frozen Foods,2024-12-23,1661,9,0
Household,2022-01-03,977,9,0
Household,2022-01-10,1255,9,0
Household,2022-01-17,1370,9,0
Household,2022-01-24,830,9,0
Household,2022-01-31,3046,9,1
Household,2022-02-07,1975,9,3
Household,2022-02-14,786,9,0
Household,2022-02-21,1853,9,0
Household,2022-02-28,1430,9,0
Household,2022-03-07,1223,9,1
Household,2022-03-14,1648,9,1
Household,2022-03-21,1171,9,0
Household,2022-03-28,1169,9,0
Household,2022-04-04,1151,9,0
Household,2022-04-11,1020,9,0
Household,2022-04-18,1292,9,0
Household,2022-04-25,1277,9,1
Household,2022-05-02,1364,9,0
Household,2022-05-09,882,9,0
Household,2022-05-16,904,9,1
Household,2022-05-23,1040,9,1
Household,2022-05-30,1125,9,3
Household,2022-06-06,844,9,0
Household,2022-06-13,945,9,1
Household,2022-06-20,753,9,0
Household,2022-06-27,1496,9,0
Household,2022-07-04,724,9,0
Household,2022-07-11,889,9,1
Household,2022-07-18,1205,9,1
Household,2022-07-25,1594,9,1
Household,2022-08-01,879,9,0
Household,2022-08-08,944,9,0
Household,2022-08-15,1847,9,1
Household,2022-08-22,1183,9,0
Household,2022-08-29,1672,9,0
Household,2022-09-05,989,9,0
Household,2022-09-12,1215,9,1
Household,2022-09-19,1061,9,1
Household,2022-09-26,1235,9,0
Household,2022-10-03,1415,9,0
Household,2022-10-10,1761,9,0
Household,2022-10-17,1040,9,0
Household,2022-10-24,885,9,0
Household,2022-10-31,1106,9,0
Household,2022-11-07,925,9,1
Household,2022-11-14,913,9,0
Household,2022-11-21,830,9,1
Household,2022-11-28,943,9,0
Household,2022-12-05,2817,9,1
Household,2022-12-12,1411,9,1
Household,2022-12-19,1036,9,1
Household,2022-12-26,944,9,1
Household,2023-01-02,809,9,1
Household,2023-01-09,813,9,0
Household,2023-01-16,966,9,2
Household,2023-01-23,1036,9,1
Household,2023-01-30,1172,9,0
Household,2023-02-06,833,9,0
Household,2023-02-13,1775,9,0
Household,2023-02-20,1734,9,0
Household,2023-02-27,2430,9,1
Household,2023-03-06,1842,9,1
Household,2023-03-13,1298,9,1
Household,2023-03-20,1558,9,0
Household,2023-03-27,1821,9,0
Household,2023-04-03,797,9,0
Household,2023-04-10,2378,9,0
Household,2023-04-17,2084,9,2
Household,2023-04-24,1563,9,1
Household,2023-05-01,1051,9,1
Household,2023-05-08,1306,9,0
Household,2023-05-15,967,9,0
Household,2023-05-22,1053,9,1
Household,2023-05-29,1205,9,1
Household,2023-06-05,1357,9,0
Household,2023-06-12,1704,9,0
Household,2023-06-19,1121,9,0
Household,2023-06-26,1181,9,0
Household,2023-07-03,1333,9,0
Household,2023-07-10,1445,9,0
Household,2023-07-17,1078,9,0
Household,2023-07-24,1478,9,0
Household,2023-07-31,1128,9,1
Household,2023-08-07,2724,9,1
Household,2023-08-14,2003,9,0
Household,2023-08-21,1146,9,0
Household,2023-08-28,953,9,1
Household,2023-09-04,886,9,1
Household,2023-09-11,1426,9,1
Household,2023-09-18,1365,9,0
Household,2023-09-25,1193,9,0
Household,2023-10-02,1354,9,1
Household,2023-10-09,882,9,0
Household,2023-10-16,811,9,1
Household,2023-10-23,890,9,0
Household,2023-10-30,777,9,1
Household,2023-11-06,698,9,0
Household,2023-11-13,963,9,0
Household,2023-11-20,893,9,0
Household,2023-11-27,1182,9,1
Household,2023-12-04,1099,9,1
Household,2023-12-11,1158,9,0
Household,2023-12-18,1008,9,0
Household,2023-12-25,1550,9,3
Household,2024-01-01,1648,9,0
Household,2024-01-08,1574,9,2
Household,2024-01-15,1623,9,2
Household,2024-01-22,1319,9,1
Household,2024-01-29,1217,9,0
Household,2024-02-05,1567,9,2
Household,2024-02-12,1832,9,2
Household,2024-02-19,1555,9,0
Household,2024-02-26,1462,9,0
Household,2024-03-04,2269,9,1
Household,2024-03-11,1615,9,0
Household,2024-03-18,1224,9,0
Household,2024-03-25,1277,9,1
Household,2024-04-01,1569,9,1
Household,2024-04-08,1197,9,0
Household,2024-04-15,1258,9,0
Household,2024-04-22,1514,9,0
Household,2024-04-29,1721,9,2
Household,2024-05-06,1255,9,0
Household,2024-05-13,1110,9,2
Household,2024-05-20,1182,9,0
Household,2024-05-27,1608,9,0
Household,2024-06-03,999,9,1
Household,2024-06-10,912,9,2
Household,2024-06-17,1326,9,1
Household,2024-06-24,1275,9,1
Household,2024-07-01,886,9,0
Household,2024-07-08,1236,9,0
Household,2024-07-15,1450,9,0
Household,2024-07-22,2373,9,1
Household,2024-07-29,1459,9,1
Household,2024-08-05,1143,9,0
Household,2024-08-12,1586,9,2
Household,2024-08-19,856,9,0
Household,2024-08-26,968,9,2
Household,2024-09-02,1249,9,1
Household,2024-09-09,1188,9,1
Household,2024-09-16,1491,9,0
Household,2024-09-23,923,9,2
Household,2024-09-30,1031,9,0
Household,2024-10-07,1364,9,0
Household,2024-10-14,1042,9,0
Household,2024-10-21,1310,9,1
Household,2024-10-28,915,9,0
Household,2024-11-04,1692,9,0
Household,2024-11-11,1074,9,0
Household,2024-11-18,1765,9,2
Household,2024-11-25,1090,9,0
Household,2024-12-02,1339,9,0
Household,2024-12-09,1991,9,0
Household,2024-12-16,821,9,1
Household,2024-12-23,1633,9,0
Personal Care,2022-01-03,5069,9,0
Personal Care,2022-01-10,3610,9,0
Personal Care,2022-01-17,2782,9,0
Personal Care,2022-01-24,3270,9,0
Personal Care,2022-01-31,3760,9,0
Personal Care,2022-02-07,3439,9,1
Personal Care,2022-02-14,4168,9,2
Personal Care,2022-02-21,5615,9,0
Personal Care,2022-02-28,3309,9,1
Personal Care,2022-03-07,4572,9,1
Personal Care,2022-03-14,3772,9,0
Personal Care,2022-03-21,3640,9,1
Personal Care,2022-03-28,4708,9,0
Personal Care,2022-04-04,3648,9,0
Personal Care,2022-04-11,2949,9,0
Personal Care,2022-04-18,4326,9,1
Personal Care,2022-04-25,4082,9,0
Personal Care,2022-05-02,2828,9,0
Personal Care,2022-05-09,3356,9,0
Personal Care,2022-05-16,5820,9,0
Personal Care,2022-05-23,4570,9,2
Personal Care,2022-05-30,3364,9,1
Personal Care,2022-06-06,5537,9,0
Personal Care,2022-06-13,4296,9,0
Personal Care,2022-06-20,5306,9,1
Personal Care,2022-06-27,2557,9,0
Personal Care,2022-07-04,2677,9,0
Personal Care,2022-07-11,3911,9,0
Personal Care,2022-07-18,3662,9,1
Personal Care,2022-07-25,4015,9,0
Personal Care,2022-08-01,2565,9,1
Personal Care,2022-08-08,3810,9,0
Personal Care,2022-08-15,4267,9,1
Personal Care,2022-08-22,4278,9,1
Personal Care,2022-08-29,2915,9,0
Personal Care,2022-09-05,3936,9,1
Personal Care,2022-09-12,2639,9,1
Personal Care,2022-09-19,3326,9,1
Personal Care,2022-09-26,3729,9,1
Personal Care,2022-10-03,2628,9,0
Personal Care,2022-10-10,2864,9,1
Personal Care,2022-10-17,2592,9,0
Personal Care,2022-10-24,2244,9,0
Personal Care,2022-10-31,2320,9,0
Personal Care,2022-11-07,4157,9,0
Personal Care,2022-11-14,2602,9,0
Personal Care,2022-11-21,3001,9,0
Personal Care,2022-11-28,2496,9,0
Personal Care,2022-12-05,3938,9,1
Personal Care,2022-12-12,2760,9,0
Personal Care,2022-12-19,3295,9,1
Personal Care,2022-12-26,3458,9,2
Personal Care,2023-01-02,3681,9,0
Personal Care,2023-01-09,2193,9,0
Personal Care,2023-01-16,2911,9,0
Personal Care,2023-01-23,3230,9,0
Personal Care,2023-01-30,3646,9,1
Personal Care,2023-02-06,7200,9,1
Personal Care,2023-02-13,3734,9,2
Personal Care,2023-02-20,5120,9,0
Personal Care,2023-02-27,6120,9,1
Personal Care,2023-03-06,5736,9,1
Personal Care,2023-03-13,4122,9,0
Personal Care,2023-03-20,3243,9,0
Personal Care,2023-03-27,4408,9,0
Personal Care,2023-04-03,6113,9,2
Personal Care,2023-04-10,4752,9,0
Personal Care,2023-04-17,6052,9,0
Personal Care,2023-04-24,7923,9,0
Personal Care,2023-05-01,4737,9,0
Personal Care,2023-05-08,3579,9,0
Personal Care,2023-05-15,3869,9,0
Personal Care,2023-05-22,5390,9,0
Personal Care,2023-05-29,3457,9,0
Personal Care,2023-06-05,5448,9,0
Personal Care,2023-06-12,3681,9,0
Personal Care,2023-06-19,4586,9,1
Personal Care,2023-06-26,3877,9,2
Personal Care,2023-07-03,3276,9,0
Personal Care,2023-07-10,3525,9,0
Personal Care,2023-07-17,2712,9,0
Personal Care,2023-07-24,3972,9,0
Personal Care,2023-07-31,2814,9,2
Personal Care,2023-08-07,3439,9,1
Personal Care,2023-08-14,2951,9,0
Personal Care,2023-08-21,3784,9,1
Personal Care,2023-08-28,4026,9,0
Personal Care,2023-09-04,3866,9,0
Personal Care,2023-09-11,2545,9,0
Personal Care,2023-09-18,3530,9,0
Personal Care,2023-09-25,2746,9,1
Personal Care,2023-10-02,3356,9,0
Personal Care,2023-10-09,3480,9,0
Personal Care,2023-10-16,3569,9,0
Personal Care,2023-10-23,3457,9,0
Personal Care,2023-10-30,4201,9,0
Personal Care,2023-11-06,3283,9,0
Personal Care,2023-11-13,3112,9,0
Personal Care,2023-11-20,4016,9,1
Personal Care,2023-11-27,5088,9,1
Personal Care,2023-12-04,2826,9,0
Personal Care,2023-12-11,3763,9,0
Personal Care,2023-12-18,3026,9,1
Personal Care,2023-12-25,2402,9,0
Personal Care,2024-01-01,3978,9,0
Personal Care,2024-01-08,2915,9,0
Personal Care,2024-01-15,3960,9,1
Personal Care,2024-01-22,3397,9,0
Personal Care,2024-01-29,3702,9,0
Personal Care,2024-02-05,4837,9,0
Personal Care,2024-02-12,7506,9,3
Personal Care,2024-02-19,4664,9,0
Personal Care,2024-02-26,3576,9,1
Personal Care,2024-03-04,4961,9,0
Personal Care,2024-03-11,4999,9,2
Personal Care,2024-03-18,6245,9,0
Personal Care,2024-03-25,4085,9,2
Personal Care,2024-04-01,4968,9,0
Personal Care,2024-04-08,9518,9,2
Personal Care,2024-04-15,5091,9,2
Personal Care,2024-04-22,4544,9,0
Personal Care,2024-04-29,3378,9,1
Personal Care,2024-05-06,4431,9,0
Personal Care,2024-05-13,5046,9,0
Personal Care,2024-05-20,5024,9,1
Personal Care,2024-05-27,4813,9,1
Personal Care,2024-06-03,5511,9,1
Personal Care,2024-06-10,3541,9,0
Personal Care,2024-06-17,5856,9,0
Personal Care,2024-06-24,3036,9,2
Personal Care,2024-07-01,3615,9,0
Personal Care,2024-07-08,4266,9,0
Personal Care,2024-07-15,5834,9,1
Personal Care,2024-07-22,3438,9,1
Personal Care,2024-07-29,3994,9,0
Personal Care,2024-08-05,4302,9,1
Personal Care,2024-08-12,4282,9,0
Personal Care,2024-08-19,4743,9,0
Personal Care,2024-08-26,3767,9,0
Personal Care,2024-09-02,4716,9,0
Personal Care,2024-09-09,4645,9,0
Personal Care,2024-09-16,6026,9,1
Personal Care,2024-09-23,5241,9,2
Personal Care,2024-09-30,3888,9,0
Personal Care,2024-10-07,3873,9,1
Personal Care,2024-10-14,3015,9,0
Personal Care,2024-10-21,3491,9,0
Personal Care,2024-10-28,3858,9,1
Personal Care,2024-11-04,4215,9,1
Personal Care,2024-11-11,3599,9,0
Personal Care,2024-11-18,2567,9,0
Personal Care,2024-11-25,3380,9,1
Personal Care,2024-12-02,6141,9,2
Personal Care,2024-12-09,4796,9,1
Personal Care,2024-12-16,3797,9,0
Personal Care,2024-12-23,5127,9,1
Snacks,2022-01-03,3125,9,0
Snacks,2022-01-10,6476,9,1
Snacks,2022-01-17,4118,9,1
Snacks,2022-01-24,3574,9,0
Snacks,2022-01-31,2810,9,1
Snacks,2022-02-07,6484,9,0
Snacks,2022-02-14,2268,9,0
Snacks,2022-02-21,2511,9,0
Snacks,2022-02-28,2923,9,0
Snacks,2022-03-07,1887,9,0
Snacks,2022-03-14,6254,9,3
Snacks,2022-03-21,2788,9,0
Snacks,2022-03-28,2149,9,1
Snacks,2022-04-04,3370,9,1
Snacks,2022-04-11,1945,9,0
Snacks,2022-04-18,2618,9,0
Snacks,2022-04-25,4391,9,1
Snacks,2022-05-02,7082,9,0
Snacks,2022-05-09,3030,9,1
Snacks,2022-05-16,2230,9,0
Snacks,2022-05-23,2101,9,0
Snacks,2022-05-30,1631,9,0
Snacks,2022-06-06,6270,9,1
Snacks,2022-06-13,2892,9,1
Snacks,2022-06-20,4494,9,0
Snacks,2022-06-27,3383,9,0
Snacks,2022-07-04,1617,9,0
Snacks,2022-07-11,2062,9,1
Snacks,2022-07-18,1561,9,0
Snacks,2022-07-25,1821,9,0
Snacks,2022-08-01,2564,9,1
Snacks,2022-08-08,8288,9,0
Snacks,2022-08-15,2656,9,0
Snacks,2022-08-22,2679,9,2
Snacks,2022-08-29,3254,9,0
Snacks,2022-09-05,3403,9,2
Snacks,2022-09-12,2578,9,1
Snacks,2022-09-19,2775,9,0
Snacks,2022-09-26,4614,9,2
Snacks,2022-10-03,3220,9,2
Snacks,2022-10-10,4611,9,0
Snacks,2022-10-17,5515,9,0
Snacks,2022-10-24,7854,9,2
Snacks,2022-10-31,5660,9,1
Snacks,2022-11-07,5611,9,0
Snacks,2022-11-14,2875,9,0
Snacks,2022-11-21,4298,9,1
Snacks,2022-11-28,4342,9,1
Snacks,2022-12-05,4223,9,0
Snacks,2022-12-12,3163,9,2
Snacks,2022-12-19,4340,9,0
Snacks,2022-12-26,4185,9,0
Snacks,2023-01-02,2764,9,0
Snacks,2023-01-09,3824,9,2
Snacks,2023-01-16,2850,9,0
Snacks,2023-01-23,3071,9,0
Snacks,2023-01-30,3728,9,1
Snacks,2023-02-06,2382,9,0
Snacks,2023-02-13,3393,9,0
Snacks,2023-02-20,4569,9,0
Snacks,2023-02-27,2436,9,1
Snacks,2023-03-06,2374,9,0
Snacks,2023-03-13,3088,9,0
Snacks,2023-03-20,3656,9,1
Snacks,2023-03-27,2364,9,2
Snacks,2023-04-03,5614,9,0
Snacks,2023-04-10,3914,9,0
Snacks,2023-04-17,3089,9,0
Snacks,2023-04-24,4463,9,0
Snacks,2023-05-01,2334,9,0
Snacks,2023-05-08,4020,9,0
Snacks,2023-05-15,2610,9,0
Snacks,2023-05-22,3489,9,0
Snacks,2023-05-29,3348,9,0
Snacks,2023-06-05,2739,9,1
Snacks,2023-06-12,1966,9,3
Snacks,2023-06-19,3056,9,0
Snacks,2023-06-26,2683,9,2
Snacks,2023-07-03,2923,9,0
Snacks,2023-07-10,1593,9,0
Snacks,2023-07-17,1645,9,0
Snacks,2023-07-24,6349,9,1
Snacks,2023-07-31,2093,9,1
Snacks,2023-08-07,2295,9,0
Snacks,2023-08-14,2467,9,0
Snacks,2023-08-21,2982,9,0
Snacks,2023-08-28,2111,9,0
Snacks,2023-09-04,2723,9,0
Snacks,2023-09-11,4187,9,0
Snacks,2023-09-18,3443,9,1
Snacks,2023-09-25,7528,9,2
Snacks,2023-10-02,5167,9,0
Snacks,2023-10-09,4852,9,1
Snacks,2023-10-16,3664,9,0
Snacks,2023-10-23,21980,9,0
Snacks,2023-10-30,6373,9,0
Snacks,2023-11-06,4526,9,0
Snacks,2023-11-13,3305,9,1
Snacks,2023-11-20,4196,9,0
Snacks,2023-11-27,7356,9,0
Snacks,2023-12-04,8703,9,2
Snacks,2023-12-11,8327,9,1
Snacks,2023-12-18,8859,9,0
Snacks,2023-12-25,3026,9,0
Snacks,2024-01-01,4582,9,2
Snacks,2024-01-08,3968,9,1
Snacks,2024-01-15,3959,9,0
Snacks,2024-01-22,3761,9,1
Snacks,2024-01-29,4007,9,0
Snacks,2024-02-05,5991,9,1
Snacks,2024-02-12,4188,9,1
Snacks,2024-02-19,5718,9,0
Snacks,2024-02-26,5249,9,1
Snacks,2024-03-04,3539,9,2
Snacks,2024-03-11,2669,9,1
Snacks,2024-03-18,2748,9,0
Snacks,2024-03-25,4353,9,0
Snacks,2024-04-01,2738,9,0
Snacks,2024-04-08,4299,9,0
Snacks,2024-04-15,4577,9,0
Snacks,2024-04-22,2702,9,1
Snacks,2024-04-29,3561,9,1
Snacks,2024-05-06,2608,9,1
Snacks,2024-05-13,1743,9,0
Snacks,2024-05-20,2800,9,1
Snacks,2024-05-27,3940,9,1
Snacks,2024-06-03,1998,9,0
Snacks,2024-06-10,5966,9,0
Snacks,2024-06-17,2347,9,1
Snacks,2024-06-24,2687,9,1
Snacks,2024-07-01,2701,9,1
Snacks,2024-07-08,3567,9,0
Snacks,2024-07-15,2638,9,1
Snacks,2024-07-22,2626,9,1
Snacks,2024-07-29,1996,9,0
Snacks,2024-08-05,2450,9,3
Snacks,2024-08-12,3237,9,0
Snacks,2024-08-19,7758,9,3
Snacks,2024-08-26,3019,9,0
Snacks,2024-09-02,3916,9,0
Snacks,2024-09-09,4849,9,0
Snacks,2024-09-16,10046,9,1
Snacks,2024-09-23,6430,9,1
Snacks,2024-09-30,6780,9,2
Snacks,2024-10-07,4092,9,1
Snacks,2024-10-14,4304,9,1
Snacks,2024-10-21,4925,9,0
Snacks,2024-10-28,4953,9,2
Snacks,2024-11-04,4066,9,1
Snacks,2024-11-11,4239,9,0
Snacks,2024-11-18,7628,9,0
Snacks,2024-11-25,7424,9,0
Snacks,2024-12-02,11622,9,0
Snacks,2024-12-09,10191,9,0
Snacks,2024-12-16,5968,9,0
Snacks,2024-12-23,3635,9,1
